<?xml version='1.0' encoding='windows-1252' ?>
<fts>
<chunkinfo url="whfwdata0.xml" first="1234" last="calend"/>
<chunkinfo url="whfwdata1.xml" first="calendar" last="direct"/>
<chunkinfo url="whfwdata2.xml" first="direction" last="highlight"/>
<chunkinfo url="whfwdata3.xml" first="history" last="methodical"/>
<chunkinfo url="whfwdata4.xml" first="mi" last="promotional"/>
<chunkinfo url="whfwdata5.xml" first="prompt" last="show"/>
<chunkinfo url="whfwdata6.xml" first="shown" last="useful"/>
<chunkinfo url="whfwdata7.xml" first="user" last="zon"/>

<tchunkinfo first="0" last="138" url="whftdata0.xml" />
<tchunkinfo first="139" last="243" url="whftdata1.xml" />

</fts>
