<?xml version='1.0' encoding='windows-1252' ?>
<ftswdata>
<key name="history"> 0,24,35,55,72,79,98,105,125,131,223,229, </key>
<key name="hoc"> 43, </key>
<key name="hold"> 181, </key>
<key name="holiday"> 9, </key>
<key name="hom"> 16,37,54,67,168,171,182,190, </key>
<key name="homepag"> 2,106,169,170,190,209, </key>
<key name="honor"> 136, </key>
<key name="host"> 12,19, </key>
<key name="hostnam"> 104, </key>
<key name="hotel"> 13, </key>
<key name="hour"> 50,82,101,104,207, </key>
<key name="hover"> 4, </key>
<key name="how"> 0,1,3,4,5,7,8,9,11,12,13,14,15,16,17,18,19,21,22,23,24,25,26,27,28,29,30,31,32,33,34,35,36,37,39,40,41,42,44,46,47,48,49,50,51,52,53,54,55,62,67,168,171,179,181,207,209,224,243, </key>
<key name="hr"> 21,95,101,192,193,205, </key>
<key name="html"> 37,187, </key>
<key name="human"> 9,21,43,49,55,59,88,179,209,243, </key>
<key name="i"> 0,1,3,4,5,7,8,9,11,12,13,14,15,16,17,18,19,21,22,23,24,25,26,27,28,29,30,31,32,33,34,35,36,39,40,41,42,44,46,47,48,49,50,51,52,53,55,168,171,179,181,209,243, </key>
<key name="icon"> 2,37,38,43,203,210,211,212,213,214,215,216,217,218,219,220,221,222,223,224,225,226,227,228,229,230,231,232,233,234,235,236,237,238,239,240,241,242, </key>
<key name="id"> 37,43,70,206, </key>
<key name="id2"> 54, </key>
<key name="identifi"> 71, </key>
<key name="identification"> 22, </key>
<key name="identify"> 19,68,77, </key>
<key name="if"> 4,34,50,54,55,60,61,66,67,70,81,82,86,87,92,107,145,173,178,179,181,182,185,188,203,208,209,243, </key>
<key name="ignor"> 54, </key>
<key name="imag"> 108, </key>
<key name="imap"> 8, </key>
<key name="immediate"> 71, </key>
<key name="import"> 27,54,169,172, </key>
<key name="important"> 0,4,9,13,15,16,23,26,37,39,42,48,51,55,89,96,102,168,171,176,179,181,209, </key>
<key name="inbox"> 54,101,206, </key>
<key name="incentiv"> 181, </key>
<key name="includ"> 2,8,18,21,24,41,55,60,61,70,103,105,162,163,168,169,172,182,201,243, </key>
<key name="incom"> 5,23,168,188, </key>
<key name="inconvenient"> 97, </key>
<key name="incorporat"> 171, </key>
<key name="incorrect"> 105,125,131,132, </key>
<key name="increas"> 44, </key>
<key name="incur"> 13,64, </key>
<key name="indicat"> 54, </key>
<key name="individual"> 4,7,8,10,11,12,16,19,22,38,41,51,54,56,57,58,60,61,62,67,68,69,70,74,75,76,77,78,82,83,85,88,89,90,95,97,98,102,103,123,148,153,154,161,169,170,171,173,174,175,176,178,179,184,193,208,214,218,220,221,227,231,232,233,235,240, </key>
<key name="individualiz"> 202, </key>
<key name="industrial"> 243, </key>
<key name="industry"> 54, </key>
<key name="inform"> 55,168, </key>
<key name="information"> 0,2,6,7,8,9,10,11,15,16,18,21,22,26,28,29,33,37,39,43,44,46,48,49,54,55,56,57,58,59,60,61,62,63,64,65,67,68,70,71,72,73,74,75,76,77,78,79,80,81,82,83,84,85,86,87,88,89,90,91,92,93,94,96,97,99,100,101,102,103,104,105,107,121,125,131,144,145,146,147,148,149,150,151,152,153,154,155,156,157,158,159,160,161,162,163,164,165,166,167,168,169,170,171,172,176,178,179,181,182,184,186,190,192,193,194,196,197,201,203,208,209,214,215,217,221,228,232,238,243, </key>
<key name="informational"> 9,46,103,179,182, </key>
<key name="informativ"> 33, </key>
<key name="input"> 54, </key>
<key name="inquiri"> 15,65,179, </key>
<key name="inquiry"> 46, </key>
<key name="install"> 99,169, </key>
<key name="installation"> 40,203, </key>
<key name="instanc"> 99,182,201, </key>
<key name="instruction"> 54,83,203, </key>
<key name="integrity"> 96, </key>
<key name="intend"> 54, </key>
<key name="intens"> 16, </key>
<key name="interact"> 171, </key>
<key name="interfac"> 243, </key>
<key name="internal"> 42, </key>
<key name="internet"> 180, </key>
<key name="interval"> 37,104,183,206, </key>
<key name="intuitiv"> 243, </key>
<key name="invalid"> 132,206, </key>
<key name="inventory"> 0,23,25,35,53,55,71,73,124,126,222,224, </key>
<key name="invit"> 12,62,76,171,181, </key>
<key name="invitation"> 1,3,5,10,56,57,58,62,76,77,90,168,171, </key>
<key name="invoic"> 0,24,35,36,50,55,72,73,80,101,125,194,223, </key>
<key name="involv"> 11,40,171,179, </key>
<key name="issu"> 1,15,54,76,80,86,138,164, </key>
<key name="item"> 0,16,25,26,37,55,63,64,67,71,72,73,79,83,84,93,100,124,126,155,178,179,191,222,224,229,234, </key>
<key name="itself"> 19,35, </key>
<key name="j2e"> 243, </key>
<key name="java"> 54,243, </key>
<key name="john"> 54, </key>
<key name="johnson"> 182, </key>
<key name="jsp"> 54, </key>
<key name="judgement"> 19, </key>
<key name="keep"> 0,3,6,10,11,14,21,22,23,29,35,42,49,50,51,55,56,57,80,90,168,171,179,181,209, </key>
<key name="key"> 3,5,7,22,45,76,99, </key>
<key name="keyboard"> 51, </key>
<key name="knowledg"> 26,46,91,107,121,155,179,209,238, </key>
<key name="knowledgebas"> 91,107,121,155,238, </key>
<key name="label"> 54, </key>
<key name="languag"> 54, </key>
<key name="larg"> 12,40,56,82,89,91,106,171,179, </key>
<key name="last"> 54,60,70,98,211, </key>
<key name="lead"> 16,34,169,181, </key>
<key name="leav"> 168,186, </key>
<key name="ledg"> 0,18,55,64,73,224, </key>
<key name="left"> 106,114,185, </key>
<key name="lend"> 209, </key>
<key name="length"> 99, </key>
<key name="les"> 50,103,171,188, </key>
<key name="let"> 12,55, </key>
<key name="level"> 8,28,109, </key>
<key name="licens"> 2,99,169, </key>
<key name="lifeblood"> 44, </key>
<key name="lik"> 54,95,107,110,111,112,113,115,116,117,118,119,120,121,122,123,124,125,126,127,128,129,130,131,132,133,134,135,136,137,138,139,140,141,142,143,144,145,146,147,148,149,150,151,152,153,154,155,156,157,158,159,160,161,162,163,164,165,166,167,172,186,192,193,202,203,204,210,211,212,213,214,215,216,217,218,219,220,221,222,223,224,225,226,227,228,229,230,231,232,233,234,235,236,237,238,239,240,241,242, </key>
<key name="limit"> 103, </key>
<key name="limitles"> 243, </key>
<key name="lin"> 19,50,54,100,108,172,180, </key>
<key name="link"> 18,41,50,55,56,57,58,73,76,77,90,102,103,168,170,171,179,181,203, </key>
<key name="list"> 6,7,10,14,17,19,21,24,27,30,43,51,54,55,56,57,58,59,60,61,62,63,64,65,66,67,68,69,70,71,72,73,74,75,76,77,78,79,80,81,82,83,84,85,86,87,88,89,90,91,92,93,94,95,96,97,98,99,100,102,103,104,106,107,108,109,110,111,112,113,114,115,116,117,118,119,120,121,122,123,124,125,126,127,128,129,130,131,132,133,134,135,136,137,138,139,140,141,142,143,144,145,146,147,148,149,150,151,152,153,154,155,156,157,158,159,160,161,162,163,164,165,166,167,168,169,172,173,174,175,176,177,180,181,182,183,184,185,186,187,188,189,190,191,192,193,194,195,196,197,198,199,200,201,202,203,204,205,206,207,208,210,211,212,213,214,215,216,217,218,219,220,221,222,223,224,225,226,227,228,229,230,231,232,233,234,235,236,237,238,239,240,241,242, </key>
<key name="listing"> 61,70, </key>
<key name="literatur"> 1,4,12,28,29,30,40,74,75,101,110,127,144,156,171,181,191,210,225, </key>
<key name="littl"> 55, </key>
<key name="ll"> 59,77,171, </key>
<key name="load"> 6,16,66,67,168, </key>
<key name="locat"> 106,191,232, </key>
<key name="location"> 1,31,32,55,59,71,94,96,101,195, </key>
<key name="log"> 18,55,80,89,179, </key>
<key name="logical"> 11,19,43,69,171,201, </key>
<key name="login"> 104, </key>
<key name="logo"> 106, </key>
<key name="long"> 15,31,53,110,111,112,113,114,115,116,117,118,119,120,121,122,123,126,127,128,129,130,133,134,135,137,138,139,141,142,143, </key>
<key name="look"> 26,37,173,174,175,176, </key>
<key name="lookup"> 102,206, </key>
<key name="los"> 105, </key>
<key name="loyal"> 53, </key>
<key name="lunch"> 13, </key>
<key name="machin"> 16, </key>
<key name="mail"> 8,37,38,54,104,108,109,171,178,181,183,206, </key>
<key name="mailing"> 69, </key>
<key name="main"> 54, </key>
<key name="maintain"> 21,38,55,95,171,177, </key>
<key name="maintenanc"> 47,103,179, </key>
<key name="major"> 103, </key>
<key name="mak"> 16,18,19,23,29,38,67,68,69,76,97,107,144,145,146,147,148,149,150,152,153,154,155,156,157,158,159,160,161,162,163,164,165,166,167,190, </key>
<key name="man"> 29, </key>
<key name="manag"> 4,7,8,15,17,19,27,28,34,37,39,40,44,48,55,61,63,68,72,79,81,82,84,85,86,87,88,95,101,111,145,169,172,173,174,175,176,177,181,186,209,211, </key>
<key name="management"> 9,16,27,45,168,209,243, </key>
<key name="manager"> 85, </key>
<key name="manufactur"> 47,64,71,73,222, </key>
<key name="manufacturer"> 7, </key>
<key name="map"> 34, </key>
<key name="mark"> 51, </key>
<key name="market"> 3,5,6,7,11,12,14,18,27,29,30,33,34,40,43,53,54,62,75,95,101,111,116,144,145,149,168,171,172,179,181,182,191,192,193,201,209,211, </key>
<key name="mas"> 38,69,97,178, </key>
<key name="material"> 14, </key>
<key name="maximum"> 62, </key>
<key name="mean"> 54,55, </key>
<key name="meant"> 51,179, </key>
<key name="meet"> 1,10,12,31,41,44,69,76,128,157,171,181,226, </key>
<key name="meeting"> 1,4,13,31,34,56,76,128,157,171,209,226, </key>
<key name="member"> 69,81,87,145,181, </key>
<key name="menu"> 2,37,38,43,94,95,96,97,98,99,100,102,103,104,106,173,174,175,176,178,183,184,185,186,187,189,190,191,192,193,194,195,196,197,198,199,200,202,203,204,205,206,207,208, </key>
<key name="merg"> 38,100,105,173,174,175,176,178, </key>
<key name="messag"> 8,54,108,114,168,173,178,180,186,187,188,206,215, </key>
<key name="metadata"> 16,67, </key>
<key name="method"> 30,61,74,75,80,171,208, </key>
<key name="methodical"> 181, </key>

</ftswdata>  
