<?xml version='1.0' encoding='windows-1252' ?>
<ftswdata>
<key name="shown"> 54, </key>
<key name="sid"> 7, </key>
<key name="signatur"> 186, </key>
<key name="similar"> 6,8,144,146,147,148,149,150,152,153,154,155,156,157,158,159,160,162,163,165,166,167,168, </key>
<key name="simp"> 4,54,100,111,169,182,201, </key>
<key name="simpl"> 1,15,30,55,65,182, </key>
<key name="simultaneous"> 1, </key>
<key name="sinc"> 61,171, </key>
<key name="singl"> 95, </key>
<key name="singular"> 3,5, </key>
<key name="sit"> 31, </key>
<key name="situation"> 97,179, </key>
<key name="siz"> 243, </key>
<key name="sku"> 73, </key>
<key name="slip"> 49,50,88, </key>
<key name="smal"> 12,51,56,90,179, </key>
<key name="small"> 78, </key>
<key name="smooth"> 45, </key>
<key name="smtp"> 104,186, </key>
<key name="so"> 54,71,170, </key>
<key name="softwar"> 40,99,171,200,243, </key>
<key name="sold"> 71, </key>
<key name="solution"> 47,179, </key>
<key name="someon"> 37,54, </key>
<key name="someth"> 25,168,169,179, </key>
<key name="somewher"> 51, </key>
<key name="soon"> 36,59, </key>
<key name="sort"> 8,19,49,109, </key>
<key name="sought"> 15, </key>
<key name="sourc"> 9,54,61,68,70,85,100,101,202, </key>
<key name="spac"> 54,108, </key>
<key name="spam"> 188, </key>
<key name="special"> 83, </key>
<key name="specializ"> 0,7,192,202, </key>
<key name="specifi"> 54,215, </key>
<key name="specific"> 16,22,38,41,44,57,58,68,75,76,77,83,87,90,91,95,97,98,103,171,173,174,175,176,178,181,182,184,185,188,209,210,211,214,215,216,219,220,221,222,223,224,229,230,232,233,234,235,236,239,241,242, </key>
<key name="specifical"> 43, </key>
<key name="specify"> 4,43,185, </key>
<key name="speed"> 13, </key>
<key name="spend"> 50, </key>
<key name="spent"> 49, </key>
<key name="spiral"> 55, </key>
<key name="spot"> 39,48,51, </key>
<key name="spread"> 16, </key>
<key name="square"> 30, </key>
<key name="staff"> 17,47,176,181, </key>
<key name="stag"> 68,83,85,101,199, </key>
<key name="standard"> 38,43,54,174, </key>
<key name="standardiz"> 38, </key>
<key name="start"> 2,56,57,58,62,76,77,81,82,87,88,89,90,169,170,171,207,209,243, </key>
<key name="stat"> 54,208, </key>
<key name="statistic"> 35, </key>
<key name="statu"> 56,57,58,64,65,68,71,72,74,75,76,77,79,82,83,84,85,86,90,92,93,101,194,196,197, </key>
<key name="status"> 194,196,197, </key>
<key name="step"> 1,40,43,45,56,57,58,59,60,61,62,63,64,65,66,67,68,69,70,71,72,73,74,75,76,77,78,79,80,81,82,83,84,85,86,87,88,89,90,91,92,93,94,95,96,97,98,99,100,101,102,103,104,106,107,108,109,110,111,112,113,114,115,116,117,118,119,120,121,122,123,124,125,126,127,128,129,130,131,132,133,134,135,136,137,138,139,140,141,142,143,144,145,146,147,148,149,150,151,152,153,154,155,156,157,158,159,160,161,162,163,164,165,166,167,169,170,172,173,174,175,176,177,178,180,183,184,185,186,187,188,189,190,191,192,193,194,195,196,197,198,199,200,201,202,203,204,205,206,207,208,210,211,212,213,214,215,216,217,218,219,220,221,222,223,224,225,226,227,228,229,230,231,232,233,234,235,236,237,238,239,240,241,242, </key>
<key name="stock"> 19, </key>
<key name="stop"> 124,126, </key>
<key name="stor"> 7,8,9,33,38,52,96,109,114,168,171,179,180,209, </key>
<key name="storag"> 8,104, </key>
<key name="strategi"> 209, </key>
<key name="streamlin"> 171,175, </key>
<key name="street"> 60,61,70, </key>
<key name="street1"> 54, </key>
<key name="street2"> 54, </key>
<key name="strength"> 243, </key>
<key name="strengthen"> 40,179, </key>
<key name="strict"> 14, </key>
<key name="strongest"> 8, </key>
<key name="structur"> 16,25,66,67,168,224, </key>
<key name="sub"> 73,168, </key>
<key name="subcategory"> 107, </key>
<key name="subdivid"> 145, </key>
<key name="subfold"> 66, </key>
<key name="subfolder"> 109, </key>
<key name="subject"> 86,108,168,173,180, </key>
<key name="submit"> 39,40,42,45,48,49,54,55,84,88,89,179, </key>
<key name="subsequent"> 206, </key>
<key name="succes"> 7,181, </key>
<key name="successful"> 0,5,31,39,48,55,79,81,87, </key>
<key name="suggest"> 170,209,243, </key>
<key name="suggestion"> 21,45,55,101,205, </key>
<key name="suit"> 177,193,202, </key>
<key name="sup"> 27, </key>
<key name="suppli"> 0,1,13,16,64,178, </key>
<key name="supplier"> 171, </key>
<key name="support"> 8,43,46,47,49,50,55,64,65,86,95,101,138,164,169,176,177,179,192,193,206,209,236, </key>
<key name="sur"> 29,67, </key>
<key name="synchroniz"> 4,8,37,169,170,203, </key>
<key name="synchronization"> 37,203, </key>
<key name="system"> 1,2,25,43,46,47,56,57,58,62,76,77,83,86,90,94,96,97,98,101,105,109,169,170,171,179,182,192,193,209, </key>
<key name="tab"> 56,57,58,59,66,67,68,74,75,76,77,78,81,87,88,89,90,91,107,168,171,172,182, </key>
<key name="tabl"> 97,182,201, </key>
<key name="tailor"> 83, </key>
<key name="tak"> 54, </key>
<key name="tandem"> 94, </key>
<key name="task"> 1,4,10,39,40,48,51,56,81,82,87,88,89,90,102,133,139,160,165,166,171,179,209,231,232,237,239, </key>
<key name="taught"> 15, </key>
<key name="tax"> 73, </key>
<key name="team"> 19,45,55,61,68,82,85, </key>
<key name="teleconferenc"> 31, </key>
<key name="templat"> 38,95,101,169,173,174,175,176,177,178, </key>
<key name="tentativ"> 17,181, </key>
<key name="term"> 72,79,83,84,101,204,223, </key>
<key name="terminology"> 204, </key>
<key name="text"> 20,37,108,187,206, </key>
<key name="th"> 54, </key>
<key name="them"> 14,27,47,51,52,55,57,62,71,80,81,82,85,87,89,90,168, </key>
<key name="third"> 55, </key>
<key name="thos"> 8,27,47,168, </key>
<key name="thre"> 7, </key>
<key name="thread"> 206, </key>
<key name="throughout"> 182,201,203, </key>
<key name="ti"> 3,5,171,181, </key>
<key name="ticket"> 38,46,47,49,64,86,88,138,164,169,176,177,179,206,236, </key>
<key name="tim"> 1,6,10,15,21,24,28,37,47,49,50,54,55,56,57,58,62,68,70,72,75,76,77,81,86,87,88,89,90,97,100,104,144,145,146,147,148,149,150,152,153,154,155,156,157,158,159,160,161,162,163,164,165,166,167,171,173,181,183,207,212,213,226, </key>
<key name="time"> 29,63,75,88, </key>
<key name="timeout"> 104, </key>
<key name="timesheet"> 39,48,49,88,89,179, </key>
<key name="timeslip"> 40,50,63,88,89,140,166,179,181,231,239, </key>
<key name="timezon"> 104, </key>
<key name="titl"> 22,54,56,57,58,59,60,62,64,65,67,68,70,74,75,76,77,78,81,82,83,85,87,90,91,93,144,145,149,150,151,152,155,156,157,158,159,160,161,162,163,164,165,166,167,208,210,211,212,213,214,215,216,217,218,219,220,221,222,223,224,225,226,227,228,229,230,231,232,233,234,235,236,237,238,239,240,241,242, </key>
<key name="today"> 32,46, </key>
<key name="todo"> 51,90,141,167,240, </key>
<key name="togeth"> 6,29,35,41,44,49,55,77,107, </key>
<key name="tool"> 2,5,16,27,100,169,178,180,182,201, </key>
<key name="top"> 2,37,38,43,54,56,203, </key>
<key name="topic"> 0,1,2,3,4,5,6,7,8,9,10,11,12,13,14,15,16,17,18,19,20,21,22,23,24,25,26,27,28,29,30,31,32,33,34,35,36,37,38,39,40,41,42,43,44,45,46,47,48,49,50,51,52,53,55,56,57,58,59,60,61,62,63,64,65,66,67,68,69,70,71,72,73,74,75,76,77,78,79,80,81,82,83,84,85,86,87,88,89,90,91,92,93,94,95,96,97,98,99,100,101,102,103,104,105,106,107,108,109,110,111,112,113,114,115,116,117,118,119,120,121,122,123,124,125,126,127,128,129,130,131,132,133,134,135,136,137,138,139,140,141,142,143,144,145,146,147,148,149,150,151,152,153,154,155,156,157,158,159,160,161,162,163,164,165,166,167,168,169,170,171,172,173,174,175,176,177,178,179,180,181,182,183,184,185,186,187,188,189,190,191,192,193,194,195,196,197,198,199,200,201,202,203,204,205,206,207,208,209,210,211,212,213,214,215,216,217,218,219,220,221,222,223,224,225,226,227,228,229,230,231,232,233,234,235,236,237,238,239,240,241,242,243, </key>
<key name="total"> 68,85,88,89,100,229,234, </key>
<key name="toward"> 55,82,169,174,179, </key>
<key name="track"> 0,1,3,5,12,13,14,17,18,21,22,23,25,27,28,32,35,36,39,41,42,44,47,48,51,55,56,57,58,62,68,73,74,75,76,77,85,86,89,90,98,168,171,179,181,199,209, </key>
<key name="transaction"> 52, </key>
<key name="transfer"> 171, </key>
<key name="transmit"> 50,209, </key>
<key name="travel"> 14, </key>
<key name="treat"> 11,67,181, </key>
<key name="trig"> 40, </key>
<key name="turn"> 10, </key>
<key name="typ"> 1,18,20,43,56,57,58,63,67,68,73,76,77,83,85,89,90,93,95,100,101,171,173,174,175,176,177,178,179,186,188,199,200,201, </key>
<key name="unabl"> 136, </key>
<key name="understand"> 168, </key>
<key name="undertak"> 77,82,179, </key>
<key name="undertaking"> 40, </key>
<key name="unifi"> 175, </key>
<key name="uniqu"> 203, </key>
<key name="unles"> 14,54, </key>
<key name="unlimit"> 8, </key>
<key name="unparallel"> 243, </key>
<key name="unschedul"> 37, </key>
<key name="up"> 2,13,14,19,26,33,38,44,54,92,95,101,102,104,169,170,171,173,174,175,176,177,186,191,192,193,194,195,196,197,198,199,200,201,202,203,204,205,206,207, </key>
<key name="upcom"> 11,39,48, </key>
<key name="updat"> 7,47,97,183, </key>
<key name="upgrad"> 99, </key>
<key name="upload"> 67,106, </key>
<key name="upon"> 34, </key>
<key name="us"> 2,4,8,16,17,19,35,37,38,43,47,54,55,56,57,58,62,64,66,68,74,75,76,77,78,79,82,83,87,90,94,96,102,103,104,106,109,168,169,170,171,172,173,174,175,176,178,179,181,182,186,188,189,190,191,192,193,201,206,208,209,212,213,214,215,219,221,225,226,227,232,233,237,240, </key>
<key name="useful"> 171, </key>

</ftswdata>  
