<?xml version='1.0' encoding='windows-1252' ?>
<tocdata>
<book name="Welcome to CentraView" url="welcome_to_centraview.htm" >
  <item name="Getting Started for New Users" url="getting_started_for_new_users.htm" />
  <item name="Getting Started for Administrators" url="getting_started_for_administrators.htm" />
  <item name="Using the CentraView Homepage" url="using_the_centraview_homepage.htm" />
  <book name="How do I use CentraView?" url="how_do_i_use_centraview_.htm" >
    <item name="Where to Start, Contacts and Activities" url="how_do_i_use_centraview_.htm" />
    <item name="Files, Notes and Email" url="files,_notes_and_email.htm" />
    <item name="Sales and Marketing" url="sales_and_marketing.htm" />
    <item name="Projects and Support" url="projects_and_support.htm" />
    <item name="Accounting and Human Resources" url="accounting_and_human_resources.htm" />
    <item name="Searching Information in CentraView" url="searching_information_in_centraview.htm" />
  </book>
</book>
<book name="Contacts" url="about_contacts.htm" >
  <book name="Entities" url="about_entities.htm" >
    <item name="Adding Entities" url="adding_entities.htm" />
    <item name="Viewing Entities" url="viewing_entities.htm" />
    <item name="Deleting Entities" url="deleting_entities.htm" />
    <item name="Duplicating Entities" url="duplicating_entities.htm" />
  </book>
  <book name="Individuals" url="about_individuals.htm" >
    <item name="Adding Individuals" url="adding_individuals.htm" />
    <item name="Viewing Individuals" url="viewing_individuals.htm" />
    <item name="Deleting Individuals" url="deleting_individuals.htm" />
    <item name="Duplicating Individuals" url="duplicating_individuals.htm" />
  </book>
  <book name="Groups" url="about_groups.htm" >
    <item name="Adding Groups" url="adding_groups.htm" />
    <item name="Viewing Groups" url="viewing_groups.htm" />
    <item name="Deleting Groups" url="deleting_groups.htm" />
    <item name="Duplicating Groups" url="duplicating_groups.htm" />
  </book>
  <item name="Contact Lists" url="about_contact_lists.htm" />
</book>
<book name="Email" url="about_webform_import.htm" >
  <item name="Reading Email" url="reading_email.htm" />
  <item name="Composing Email" url="composing_email.htm" />
  <item name="Deleting Email" url="deleting_email.htm" />
  <item name="Creating Email Folders" url="creating_email_folders.htm" />
  <item name="Setting Email Rules" url="setting_email_rules.htm" />
  <item name="Setting Email Composition Preferences" url="setting_email_composition_preferences.htm" />
  <item name="Setting Automatic Email Checking Preferences" url="setting_automatic_email_checking_preferences.htm" />
  <item name="Setting Email Account Preferences" url="setting_email_account_preferences.htm" />
  <item name="About WebForm Import" url="about_webform_import.htm" />
</book>
<book name="Calendar" url="about_calendar.htm" >
  <item name="Adding Activities to your Calendar" url="adding_activities_to_your_calendar.htm" />
  <item name="Setting General Calendar Preferences" url="setting_general_calendar_preferences.htm" />
  <item name="Setting Delegation Calendar Preferences" url="setting_delegation_calendar_preferences.htm" />
</book>
<book name="Activities" url="about_activities.htm" >
  <book name="Appointments" url="about_appointments.htm" >
    <item name="Adding Appointments" url="adding_appointments.htm" />
    <item name="Viewing Appointments" url="viewing_appointments.htm" />
    <item name="Deleting Appointments" url="deleting_appointments.htm" />
    <item name="Duplicating Appointments" url="duplicating_appointments.htm" />
  </book>
  <book name="Calls" url="about_calls.htm" >
    <item name="Adding Calls" url="adding_calls.htm" />
    <item name="Viewing Calls" url="viewing_calls.htm" />
    <item name="Deleting Calls" url="deleting_calls.htm" />
    <item name="Duplicating Calls" url="duplicating_calls.htm" />
  </book>
  <book name="Forecast Sales" url="about_forecast_sales.htm" >
    <item name="Adding Forecast Sales" url="adding_forecast_sales.htm" />
    <item name="Viewing Forecast Sales" url="viewing_forecast_sales.htm" />
    <item name="Deleting Forecast Sales" url="deleting_forecast_sales.htm" />
    <item name="Duplicating Forecast Sales" url="duplicating_forecast_sales.htm" />
  </book>
  <book name="Literature Requests" url="about_literature_requests.htm" >
    <item name="Adding Literature Requests" url="adding_literature_requests.htm" />
    <item name="Viewing Literature Requests" url="viewing_literature_requests.htm" />
    <item name="Deleting Literature Requests" url="deleting_literature_requests.htm" />
    <item name="Duplicating Literature Requests" url="duplicating_literature_requests.htm" />
  </book>
  <book name="Meetings" url="about_meetings.htm" >
    <item name="Adding Meetings" url="adding_meetings.htm" />
    <item name="Viewing Meetings" url="viewing_meetings.htm" />
    <item name="Deleting Meetings" url="deleting_meetings.htm" />
    <item name="Duplicating Meetings" url="duplicating_meetings.htm" />
  </book>
  <book name="Next Actions" url="about_next_actions.htm" >
    <item name="Adding Next Actions" url="adding_next_actions.htm" />
    <item name="Viewing Next Actions" url="viewing_next_actions.htm" />
    <item name="Deleting Next Actions" url="deleting_next_actions.htm" />
    <item name="Duplicating Next Actions" url="duplicating_next_actions.htm" />
  </book>
  <book name="To Dos" url="about_to_dos.htm" >
    <item name="Adding To Dos" url="adding_to_dos.htm" />
    <item name="Viewing To Dos" url="viewing_to_dos.htm" />
    <item name="Deleting To Dos" url="deleting_to_dos.htm" />
    <item name="Duplicating To Dos" url="duplicating_to_dos.htm" />
  </book>
  <book name="Tasks" url="about_tasks.htm" >
    <item name="Adding Tasks" url="adding_tasks.htm" />
    <item name="Viewing Tasks" url="viewing_tasks.htm" />
    <item name="Deleting Tasks" url="deleting_tasks.htm" />
    <item name="Duplicating Tasks" url="duplicating_tasks.htm" />
  </book>
</book>
<book name="Notes" url="about_notes.htm" >
  <item name="Adding Notes" url="adding_notes.htm" />
  <item name="Viewing Notes" url="viewing_notes.htm" />
  <item name="Deleting Notes" url="deleting_notes.htm" />
  <item name="Duplicating Notes" url="duplicating_notes.htm" />
</book>
<book name="Files" url="about_files.htm" >
  <item name="Adding Files" url="adding_files.htm" />
  <item name="Viewing Files" url="viewing_files.htm" />
  <item name="Deleting Files" url="deleting_files.htm" />
  <item name="Duplicating Files" url="duplicating_files.htm" />
  <item name="Adding File Folders" url="adding_file_folders.htm" />
</book>
<book name="Sales" url="about_sales.htm" >
  <book name="Opportunity" url="about_opportunity.htm" >
    <item name="Adding Sales Opportunities" url="adding_sales_opportunities.htm" />
    <item name="Viewing Sales Opportunities" url="viewing_sales_opportunities.htm" />
    <item name="Deleting Sales Opportunities" url="deleting_sales_opportunities.htm" />
    <item name="Duplicating Sales Opportunities" url="duplicating_sales_opportunities.htm" />
  </book>
  <book name="Proposals" url="about_proposals.htm" >
    <item name="Adding Proposals" url="adding_proposals.htm" />
    <item name="Viewing Proposals" url="viewing_proposals.htm" />
    <item name="Deleting Proposals" url="deleting_proposals.htm" />
    <item name="Duplicating Proposals" url="duplicating_proposals.htm" />
  </book>
</book>
<book name="Marketing" url="about_marketing.htm" >
  <book name="List Manager" url="about_list_manager.htm" >
    <item name="Importing a Marketing List" url="importing_a_marketing_list.htm" />
    <item name="Viewing a Marketing List" url="viewing_a_marketing_list.htm" />
    <item name="Deleting a Marketing List" url="deleting_a_marketing_list.htm" />
    <item name="Duplicating a Marketing List" url="duplicating_a_marketing_list.htm" />
  </book>
  <book name="Literature Fulfillment" url="about_literature_fulfillment.htm" >
    <item name="Adding Literature Fulfillment Requests" url="adding_literature_fulfillment_requests.htm" />
    <item name="Viewing a Literature Fulfillment Request" url="viewing_a_literature_fulfillment_request.htm" />
    <item name="Deleting a Literature Fulfillment Request" url="deleting_a_literature_fulfillment_request.htm" />
    <item name="Duplicating a Literature Fulfillment Request" url="duplicating_a_literature_fulfillment_request.htm" />
  </book>
  <book name="Events" url="about_events.htm" >
    <item name="Adding Events" url="adding_events.htm" />
    <item name="Viewing Events" url="viewing_events.htm" />
    <item name="Deleting Events" url="deleting_events.htm" />
    <item name="Duplicating Events" url="duplicating_events.htm" />
  </book>
</book>
<book name="Projects" url="about_projects.htm" >
  <item name="Adding Projects" url="adding_projects.htm" />
  <item name="Viewing Projects" url="viewing_projects.htm" />
  <item name="Deleting Projects" url="deleting_projects.htm" />
  <item name="Duplicating Projects" url="duplicating_projects.htm" />
  <book name="Project Tasks" url="about_project_tasks.htm" >
    <item name="Adding Project Tasks" url="adding_project_tasks.htm" />
    <item name="Viewing Project Tasks" url="viewing_project_tasks.htm" />
    <item name="Deleting Project Tasks" url="deleting_project_tasks.htm" />
    <item name="Duplicating Project Tasks" url="duplicating_project_tasks.htm" />
  </book>
  <book name="Timeslips" url="about_timeslips.htm" >
    <item name="Adding Timeslips" url="adding_timeslips.htm" />
    <item name="Viewing Timeslips" url="viewing_timeslips.htm" />
    <item name="Deleting Timeslips" url="deleting_timeslips.htm" />
    <item name="Duplicating Timeslips" url="duplicating_timeslips.htm" />
  </book>
</book>
<book name="Support" url="about_support.htm" >
  <book name="Tickets" url="about_support_tickets.htm" >
    <item name="Adding Support Tickets" url="adding_support_tickets.htm" />
    <item name="Viewing Support Tickets" url="viewing_support_tickets.htm" />
    <item name="Deleting Support Tickets" url="deleting_support_tickets.htm" />
    <item name="Duplicating Support Tickets" url="duplicating_support_tickets.htm" />
  </book>
  <book name="FAQs" url="about_faqs.htm" >
    <item name="Adding FAQs" url="adding_faqs.htm" />
    <item name="Viewing FAQs" url="viewing_faqs.htm" />
    <item name="Deleting FAQs" url="deleting_faqs.htm" />
    <item name="Duplicating FAQs" url="duplicating_faqs.htm" />
  </book>
  <book name="Knowledge Base" url="about_knowledge_base.htm" >
    <item name="Adding to the Knowledge Base" url="adding_to_the_knowledge_base.htm" />
    <item name="Viewing the Knowledge Base" url="viewing_the_knowledge_base.htm" />
    <item name="Categorizing the Knowledge Base" url="categorizing_the_knowledge_base.htm" />
    <item name="Deleting from the Knowledge Base" url="deleting_from_the_knowledge_base.htm" />
    <item name="Duplicating Items in the Knowledge Base" url="duplicating_items_in_the_knowledge_base.htm" />
  </book>
</book>
<book name="Accounting" url="about_accounting.htm" >
<chunk name="Accounting" url="about_accounting.htm" ref="whtdata1.xml" />
</book>
<book name="HR" url="about_hr.htm" >
<chunk name="HR" url="about_hr.htm" ref="whtdata2.xml" />
</book>
<book name="Administration" url="about_administration.htm" >
<chunk name="Administration" url="about_administration.htm" ref="whtdata3.xml" />
</book>

</tocdata>
