<?xml version='1.0' encoding='windows-1252' ?>
<tocdata>
<book name="Order History" url="about_order_history.htm" >
  <item name="Adding Order History" url="adding_order_history.htm" />
  <item name="Viewing Order History" url="viewing_order_history.htm" />
  <item name="Deleting Order History" url="deleting_order_history.htm" />
</book>
<book name="Invoice History" url="about_invoice_history.htm" >
  <item name="Adding Invoice History" url="adding_invoice_history.htm" />
  <item name="Viewing Invoice History" url="viewing_invoice_history.htm" />
  <item name="Deleting Invoice History" url="deleting_invoice_history.htm" />
</book>
<book name="Payments" url="about_payments.htm" >
  <item name="Adding Payments" url="adding_payments.htm" />
  <item name="Viewing Payments" url="viewing_payments.htm" />
  <item name="Deleting Payments" url="deleting_payments.htm" />
</book>
<book name="Expenses" url="about_expenses.htm" >
  <item name="Adding Expenses" url="adding_expenses.htm" />
  <item name="Viewing Expenses" url="viewing_expenses.htm" />
  <item name="Deleting Expenses" url="deleting_expenses.htm" />
</book>
<book name="Purchase Orders" url="about_purchase_orders.htm" >
  <item name="Adding Purchase Orders" url="adding_purchase_orders.htm" />
  <item name="Viewing Purchase Orders" url="viewing_purchase_orders.htm" />
  <item name="Deleting Purchase Orders" url="deleting_purchase_orders.htm" />
</book>
<book name="Items" url="about_items.htm" >
  <item name="Adding Items" url="adding_items.htm" />
  <item name="Viewing Items" url="viewing_items.htm" />
  <item name="Deleting Items" url="deleting_items.htm" />
</book>
<item name="General Ledger Accounts" url="about_gl_accounts.htm" />
<book name="Inventory" url="about_inventory.htm" >
  <item name="Adding Inventory" url="adding_inventory.htm" />
  <item name="Viewing Inventory" url="viewing_inventory.htm" />
  <item name="Deleting Inventory" url="deleting_inventory.htm" />
</book>
<book name="Volume Discounts" url="about_volume_discounts.htm" >
  <item name="Adding Volume Discounts" url="adding_volume_discounts.htm" />
  <item name="Viewing Volume Discounts" url="viewing_volume_discounts.htm" />
  <item name="Deleting Volume Discounts" url="deleting_volume_discounts.htm" />
</book>
<book name="Vendors" url="about_vendors.htm" >
  <item name="Adding Vendors" url="adding_vendors.htm" />
  <item name="Viewing Vendors" url="viewing_vendors.htm" />
  <item name="Deleting Vendors" url="deleting_vendors.htm" />
</book>

</tocdata>
