<?xml version='1.0' encoding='windows-1252' ?>
<tocdata>
<book name="Expense Forms" url="about_expense_forms.htm" >
  <item name="Adding Expense Forms" url="adding_expense_forms.htm" />
</book>
<book name="Time Sheets" url="about_time_sheets.htm" >
  <item name="Adding Time Sheets" url="adding_time_sheets.htm" />
</book>
<book name="Employee Handbook" url="about_employee_handbook.htm" >
  <item name="Adding Employee Handbook" url="adding_employee_handbook.htm" />
</book>
<book name="Employee List" url="about_employee_list.htm" >
  <item name="Adding Employee List" url="adding_employee_list.htm" />
</book>
<item name="Suggestion Box" url="about_suggestion_box.htm" />

</tocdata>
